<root>
	<database>
		<redis>
			<host>localhost</host>
			<port>6379</port>
			<db>0</db>
			<datas items="Redis数据表">
				<li>client_status</li>
				<li>client_message</li>
				<li>heart_packages</li>
				<li>softwarelist</li>
				<li>reports</li>
				<li>waitdones</li>
				<li>accounts</li>
			</datas>
		</redis>
		<mysql user="root" password="ranxi">
			<host>localhost</host>
			<port>3306</port>
			<db>test</db>
			<datas items="MySQL数据表">
				<li>test</li>
			</datas>
		</mysql>
	</database>
	<preformance>
		<min-processes>5</min-processes>
		<max-processes>10</max-processes>
		<tcp-listenes>5</tcp-listenes>
	</preformance>
	<default>
		<log-settings>
			<level>info</level>
			<logs struct="模块日志文件" status="hidden">
				<dir name="db">
					<li>redis.log</li>
					<li>mysql.log</li>
				</dir>
				<li>process.log</li>
				<li>socket.log</li>
			</logs>
		</log-settings>
		<encoding>utf-8</encoding>
	</default>
</root>